userId,sessionId,userPrompt,context,llmResponse,promptTimestamp,contextRetrievalStartTime,contextRetrievalEndTime,llmRequestStartTime,llmResponseEndTime,contextChunkCount,contextTotalLengthWords,promptLengthWords,responseLengthWords,status
user_006,session_031,What is BERT?,BERT is a pre trained language model,BERT uses bidirectional transformers for natural language understanding,2024-01-16T10:00:00Z,2024-01-16T10:00:01Z,2024-01-16T10:00:02Z,2024-01-16T10:00:02Z,2024-01-16T10:00:05Z,3,165,2,92,success
user_007,session_032,Explain GPT models,GPT uses autoregressive language modeling,GPT models generate text by predicting tokens sequentially,2024-01-16T10:15:00Z,2024-01-16T10:15:01Z,2024-01-16T10:15:03Z,2024-01-16T10:15:03Z,2024-01-16T10:15:08Z,4,240,2,110,success
user_008,session_033,What are embeddings?,Embeddings represent text as vectors,Embeddings convert words and phrases into numerical vectors,2024-01-16T10:30:00Z,2024-01-16T10:30:01Z,2024-01-16T10:30:02Z,2024-01-16T10:30:02Z,2024-01-16T10:30:05Z,3,175,2,88,success
user_009,session_034,Define attention mechanism,Attention weights relationships between elements,Attention mechanisms allow models to focus on relevant parts of input,2024-01-16T10:45:00Z,2024-01-16T10:45:01Z,2024-01-16T10:45:03Z,2024-01-16T10:45:03Z,2024-01-16T10:45:07Z,5,260,3,115,success
user_010,session_035,What is seq2seq?,Sequence to sequence maps input to output sequences,Seq2seq models convert one sequence to another using encoder decoder,2024-01-16T11:00:00Z,2024-01-16T11:00:01Z,2024-01-16T11:00:02Z,2024-01-16T11:00:02Z,2024-01-16T11:00:05Z,3,190,3,98,success
user_006,session_036,Explain tokenization,Tokenization splits text into tokens,Tokenization breaks text into meaningful units for processing,2024-01-16T11:15:00Z,2024-01-16T11:15:01Z,2024-01-16T11:15:02Z,2024-01-16T11:15:02Z,2024-01-16T11:15:05Z,3,155,2,85,success
user_007,session_037,What is stemming?,Stemming reduces words to roots,Stemming removes suffixes to find word stems,2024-01-16T11:30:00Z,2024-01-16T11:30:01Z,2024-01-16T11:30:03Z,2024-01-16T11:30:03Z,2024-01-16T11:30:08Z,4,200,2,90,success
user_008,session_038,Define lemmatization,Lemmatization reduces words to base forms,Lemmatization converts words to canonical forms,2024-01-16T11:45:00Z,2024-01-16T11:45:01Z,2024-01-16T11:45:02Z,2024-01-16T11:45:02Z,2024-01-16T11:45:05Z,3,170,2,88,success
user_009,session_039,Explain part of speech tagging,POS tagging identifies word categories,Part of speech tagging labels words as nouns verbs adjectives etc,2024-01-16T12:00:00Z,2024-01-16T12:00:01Z,2024-01-16T12:00:03Z,2024-01-16T12:00:03Z,2024-01-16T12:00:07Z,3,185,4,95,success
user_010,session_040,What is named entity recognition,NER identifies named entities,Named entity recognition extracts names of people places and organizations,2024-01-16T12:15:00Z,2024-01-16T12:15:01Z,2024-01-16T12:15:02Z,2024-01-16T12:15:02Z,2024-01-16T12:15:05Z,3,195,4,102,success
user_006,session_041,Define sentiment analysis,Sentiment analysis classifies text emotion,Sentiment analysis determines if text is positive negative or neutral,2024-01-16T12:30:00Z,2024-01-16T12:30:01Z,2024-01-16T12:30:03Z,2024-01-16T12:30:03Z,2024-01-16T12:30:08Z,3,180,3,92,success
user_007,session_042,Explain topic modeling,Topic modeling discovers abstract topics,Topic modeling identifies themes in text collections,2024-01-16T12:45:00Z,2024-01-16T12:45:01Z,2024-01-16T12:45:02Z,2024-01-16T12:45:02Z,2024-01-16T12:45:05Z,3,175,2,88,success
user_008,session_043,What is text summarization,Text summarization condenses documents,Text summarization creates brief summaries of longer texts,2024-01-16T13:00:00Z,2024-01-16T13:00:01Z,2024-01-16T13:00:03Z,2024-01-16T13:00:03Z,2024-01-16T13:00:07Z,3,190,3,95,success
user_009,session_044,Define machine translation,Machine translation converts between languages,Machine translation uses models to translate text between languages,2024-01-16T13:15:00Z,2024-01-16T13:15:01Z,2024-01-16T13:15:02Z,2024-01-16T13:15:02Z,2024-01-16T13:15:05Z,3,200,3,105,success
user_010,session_045,Explain question answering,Question answering finds answers to queries,Question answering systems locate answers in documents,2024-01-16T13:30:00Z,2024-01-16T13:30:01Z,2024-01-16T13:30:03Z,2024-01-16T13:30:03Z,2024-01-16T13:30:08Z,3,185,3,98,success
user_006,session_046,What is information extraction,Information extraction retrieves structured data,Information extraction identifies and extracts specific information from text,2024-01-16T13:45:00Z,2024-01-16T13:45:01Z,2024-01-16T13:45:02Z,2024-01-16T13:45:02Z,2024-01-16T13:45:05Z,3,190,4,100,success
user_007,session_047,Define relation extraction,Relation extraction identifies relationships,Relation extraction finds connections between entities in text,2024-01-16T14:00:00Z,2024-01-16T14:00:01Z,2024-01-16T14:00:03Z,2024-01-16T14:00:03Z,2024-01-16T14:00:07Z,3,185,3,95,success
user_008,session_048,Explain coreference resolution,Coreference resolution links references,Coreference resolution identifies which pronouns refer to which entities,2024-01-16T14:15:00Z,2024-01-16T14:15:01Z,2024-01-16T14:15:02Z,2024-01-16T14:15:02Z,2024-01-16T14:15:05Z,3,175,4,92,success
user_009,session_049,What is word sense disambiguation,WSD determines word meanings,Word sense disambiguation identifies which meaning applies in context,2024-01-16T14:30:00Z,2024-01-16T14:30:01Z,2024-01-16T14:30:03Z,2024-01-16T14:30:03Z,2024-01-16T14:30:08Z,3,200,4,105,success
user_010,session_050,Define paraphrase detection,Paraphrase detection identifies similar sentences,Paraphrase detection recognizes when sentences convey the same meaning,2024-01-16T14:45:00Z,2024-01-16T14:45:01Z,2024-01-16T14:45:02Z,2024-01-16T14:45:02Z,2024-01-16T14:45:05Z,3,190,3,98,success
user_006,session_051,Explain semantic similarity,Semantic similarity measures meaning overlap,Semantic similarity quantifies how similar texts are in meaning,2024-01-16T15:00:00Z,2024-01-16T15:00:01Z,2024-01-16T15:00:03Z,2024-01-16T15:00:03Z,2024-01-16T15:00:07Z,3,185,3,95,success
user_007,session_052,What is text classification,Text classification assigns categories to documents,Text classification predicts category labels for text documents,2024-01-16T15:15:00Z,2024-01-16T15:15:01Z,2024-01-16T15:15:02Z,2024-01-16T15:15:02Z,2024-01-16T15:15:05Z,3,180,3,92,success
user_008,session_053,Define intent recognition,Intent recognition identifies user goals,Intent recognition determines what users want to accomplish,2024-01-16T15:30:00Z,2024-01-16T15:30:01Z,2024-01-16T15:30:03Z,2024-01-16T15:30:03Z,2024-01-16T15:30:08Z,3,195,3,100,success
user_009,session_054,Explain dialogue systems,Dialogue systems conduct conversations,Dialogue systems manage multi turn conversations with users,2024-01-16T15:45:00Z,2024-01-16T15:45:01Z,2024-01-16T15:45:02Z,2024-01-16T15:45:02Z,2024-01-16T15:45:05Z,3,200,3,105,success
user_010,session_055,What is semantic parsing,Semantic parsing converts to logic,Semantic parsing converts text to formal logical representations,2024-01-16T16:00:00Z,2024-01-16T16:00:01Z,2024-01-16T16:00:03Z,2024-01-16T16:00:03Z,2024-01-16T16:00:08Z,3,210,3,110,success
user_006,session_056,Define dependency parsing,Dependency parsing analyzes grammar,Dependency parsing identifies grammatical relationships in sentences,2024-01-16T16:15:00Z,2024-01-16T16:15:01Z,2024-01-16T16:15:02Z,2024-01-16T16:15:02Z,2024-01-16T16:15:05Z,3,185,2,95,success
user_007,session_057,Explain constituency parsing,Constituency parsing builds parse trees,Constituency parsing identifies phrase structure in text,2024-01-16T16:30:00Z,2024-01-16T16:30:01Z,2024-01-16T16:30:03Z,2024-01-16T16:30:03Z,2024-01-16T16:30:07Z,3,190,3,98,success
user_008,session_058,What is word alignment,Word alignment matches translated words,Word alignment identifies correspondences between words in translation,2024-01-16T16:45:00Z,2024-01-16T16:45:01Z,2024-01-16T16:45:02Z,2024-01-16T16:45:02Z,2024-01-16T16:45:05Z,3,200,3,105,success
user_009,session_059,Define discourse analysis,Discourse analysis studies text structure,Discourse analysis examines how meaning is created across texts,2024-01-16T17:00:00Z,2024-01-16T17:00:01Z,2024-01-16T17:00:03Z,2024-01-16T17:00:03Z,2024-01-16T17:00:08Z,3,210,3,110,success
user_010,session_060,Explain pragmatics in NLP,Pragmatics studies language use,Pragmatics examines how context affects meaning in language,2024-01-16T17:15:00Z,2024-01-16T17:15:01Z,2024-01-16T17:15:02Z,2024-01-16T17:15:02Z,2024-01-16T17:15:05Z,3,205,3,108,success
